検索キー,アイドル,カード名,,,,,,
櫻木真乃花風Smiley,櫻木真乃,花風Smiley,,,,,,
八宮めぐる夏に恋するピチカート！,八宮めぐる,夏に恋するピチカート！,,,,,,
西城樹里とびっきりジンジャー,西城樹里,とびっきりジンジャー,,,,,,
月岡恋鐘月の浜辺で待っとって,月岡恋鐘,月の浜辺で待っとって,,,,,,
櫻木真乃ハ?トフェルトゥギフト,櫻木真乃,ハ?トフェルトゥギフト,,,,,,
白瀬咲耶1/60・NaturalHeart,白瀬咲耶,1/60・NaturalHeart,,,,,,
風野灯織伸ばす手に乗せるのは,風野灯織,伸ばす手に乗せるのは,,,,,,
大崎甜花好きなものはなんですか？,大崎甜花,好きなものはなんですか？,,,,,,
有栖川夏葉Ring a bell,有栖川夏葉,Ring a bell,,,,,,
田中摩美々パープル・ミラージュ,田中摩美々,パープル・ミラージュ,,,,,,
桑山千雪サマーハニー・シーズン,桑山千雪,サマーハニー・シーズン,,,,,,
三峰結華NOT≠EQUAL,三峰結華,NOT≠EQUAL,,,,,,
園田智代子かきまぜたら＊ミルク,園田智代子,かきまぜたら＊ミルク,,,,,,
大崎甘奈ないしょのスイーツ,大崎甘奈,ないしょのスイーツ,,,,,,
櫻木真乃深染め、いろみぐさ,櫻木真乃,深染め、いろみぐさ,,,,,,
田中摩美々フィドル・ファドル,田中摩美々,フィドル・ファドル,,,,,,
杜野凛世十二月短編,杜野凛世,十二月短編,,,,,,
幽谷霧子鱗・鱗・謹・賀,幽谷霧子,鱗・鱗・謹・賀,,,,,,
西城樹里誰が為シンパシー,西城樹里,誰が為シンパシー,,,,,,
小宮果穂エクストリーム・ブレイク！,小宮果穂,エクストリーム・ブレイク！,,,,,,
大崎甘奈お散歩サンライト,大崎甘奈,お散歩サンライト,,,,,,
芹沢あさひ空と青とアイツ,芹沢あさひ,空と青とアイツ,,,,,,
大崎甜花四夜一夜物語,大崎甜花,四夜一夜物語,,,,,,
白瀬咲耶海と太陽のプロメッサ,白瀬咲耶,海と太陽のプロメッサ,,,,,,
八宮めぐるアイの誓い,八宮めぐる,アイの誓い,,,,,,
浅倉透途方もない午後,浅倉透,途方もない午後,,,,,,
黛冬優子アンシーン・ダブルキャスト,黛冬優子,アンシーン・ダブルキャスト,,,,,,
三峰結華く　ら　く　ら,三峰結華,く　ら　く　ら,,,,,,
杜野凛世われにかへれ,杜野凛世,われにかへれ,,,,,,
有栖川夏葉cheer+,有栖川夏葉,cheer+,,,,,,
和泉愛依シャッターチャンス!?,和泉愛依,シャッターチャンス!?,,,,,,
樋口円香ギンコ・ビローバ,樋口円香,ギンコ・ビローバ,,,,,,
桑山千雪秋空と紅葉,桑山千雪,秋空と紅葉,,,,,,
月岡恋鐘心の鐘が鳴っとるけん,月岡恋鐘,心の鐘が鳴っとるけん,,,,,,
園田智代子プリティ・スイート,園田智代子,プリティ・スイート,,,,,,
福丸小糸おみくじ結びますか,福丸小糸,おみくじ結びますか,,,,,,
小宮果穂日刊ウィズ・ユー！,小宮果穂,日刊ウィズ・ユー！,,,,,,
芹沢あさひHousekeeping!,芹沢あさひ,Housekeeping!,,,,,,
幽谷霧子琴・禽・空・華,幽谷霧子,琴・禽・空・華,,,,,,
大崎甘奈約束ペタル,大崎甘奈,約束ペタル,,,,,,
浅倉透つづく、,浅倉透,つづく、,,,,,,
有栖川夏葉夏は来ぬ,有栖川夏葉,夏は来ぬ,,,,,,
桑山千雪ハッピー・アイ・スクリーム,桑山千雪,ハッピー・アイ・スクリーム,,,,,,
七草にちかヴぇりべりいかシたサマー,七草にちか,ヴぇりべりいかシたサマー,,,,,,
風野灯織涼,風野灯織,涼,,,,,,
黛冬優子ONSTAGE?,黛冬優子,ONSTAGE?,,,,,,
樋口円香ピトス・エルピス,樋口円香,ピトス・エルピス,,,,,,
月岡恋鐘秋空ばくちずさんで,月岡恋鐘,秋空ばくちずさんで,,,,,,
市川雛菜TRICK☆☆☆,市川雛菜,TRICK☆☆☆,,,,,,
和泉愛依ちょー早い！,和泉愛依,ちょー早い！,,,,,,
櫻木真乃ほわっとスマイル,櫻木真乃,ほわっとスマイル,,,,,,
風野灯織柔らかな微笑み,風野灯織,柔らかな微笑み,,,,,,
八宮めぐる金色の元気いっぱいガール,八宮めぐる,金色の元気いっぱいガール,,,,,,
月岡恋鐘ばりうまかブルース,月岡恋鐘,ばりうまかブルース,,,,,,
大崎甘奈スタンバイオッケー,大崎甘奈,スタンバイオッケー,,,,,,
小宮果穂第2形態アーマードタイプ,小宮果穂,第2形態アーマードタイプ,,,,,,
大崎甜花事務所。静寂。大輪の華,大崎甜花,事務所。静寂。大輪の華,,,,,,
有栖川夏葉アルティメットマーメイド,有栖川夏葉,アルティメットマーメイド,,,,,,
白瀬咲耶紺碧のボーダーライン,白瀬咲耶,紺碧のボーダーライン,,,,,,
西城樹里ラムネ色の覚悟,西城樹里,ラムネ色の覚悟,,,,,,
田中摩美々トリッキーナイト,田中摩美々,トリッキーナイト,,,,,,
桑山千雪マイ・ピュア・ロマンス,桑山千雪,マイ・ピュア・ロマンス,,,,,,
三峰結華お試し／みつゴコロ,三峰結華,お試し／みつゴコロ,,,,,,
杜野凛世杜野凛世の印象派,杜野凛世,杜野凛世の印象派,,,,,,
園田智代子ちょこ色×きらきらロマン,園田智代子,ちょこ色×きらきらロマン,,,,,,
幽谷霧子霧・音・燦・燦,幽谷霧子,霧・音・燦・燦,,,,,,
風野灯織淡雪の戯れ,風野灯織,淡雪の戯れ,,,,,,
大崎甘奈ゆらゆらアクアリウム,大崎甘奈,ゆらゆらアクアリウム,,,,,,
小宮果穂新装備・バブルバスター！,小宮果穂,新装備・バブルバスター！,,,,,,
園田智代子あそ→と?ちよこれいと,園田智代子,あそ→と?ちよこれいと,,,,,,
有栖川夏葉メイドインナツハ,有栖川夏葉,メイドインナツハ,,,,,,
桑山千雪シークレット・ヒロイン,桑山千雪,シークレット・ヒロイン,,,,,,
杜野凛世凛世花伝,杜野凛世,凛世花伝,,,,,,
田中摩美々摩的・アンチテーゼ,田中摩美々,摩的・アンチテーゼ,,,,,,
幽谷霧子夕・音・鳴・鳴,幽谷霧子,夕・音・鳴・鳴,,,,,,
三峰結華それなら目をつぶりましょう,三峰結華,それなら目をつぶりましょう,,,,,,
月岡恋鐘風吹く丘にはよ来んね,月岡恋鐘,風吹く丘にはよ来んね,,,,,,
白瀬咲耶幸福のリズム,白瀬咲耶,幸福のリズム,,,,,,
八宮めぐるシュカのまにまに,八宮めぐる,シュカのまにまに,,,,,,
芹沢あさひジャンプ！スタッグ！！！,芹沢あさひ,ジャンプ！スタッグ！！！,,,,,,
西城樹里曲がり角のランウェイ,西城樹里,曲がり角のランウェイ,,,,,,
櫻木真乃はじけてスマイル,櫻木真乃,はじけてスマイル,,,,,,
小宮果穂潮騒のシーショア,小宮果穂,潮騒のシーショア,,,,,,
,,,,,,,,
幽谷霧子菜・菜・輪・舞,幽谷霧子,菜・菜・輪・舞,,,,,,
杜野凛世水色感情,杜野凛世,水色感情,,,,,,
,,,,,,,,
和泉愛依ちょっとあげる?,和泉愛依,ちょっとあげる?,,,,,,
,,,,,,,,
,,,,,,,,
大崎甜花I?DOLL,大崎甜花,I?DOLL,,,,,,
黛冬優子オ?フ?レ?コ,黛冬優子,オ?フ?レ?コ,,,,,,
,,,,,,,,
,,,,,,,,
八宮めぐる日々を紡ぐインヴェルノ,八宮めぐる,日々を紡ぐインヴェルノ,,,,,,
,,,,,,,,
,,,,,,,,
風野灯織清閑に息をひそめて,風野灯織,清閑に息をひそめて,,,,,,
,,,,,,,,
月岡恋鐘うちのリボンは恋結び,月岡恋鐘,うちのリボンは恋結び,,,,,,
和泉愛依メイ・ビー,和泉愛依,メイ・ビー,,,,,,
,,,,,,,,
桑山千雪はるかぜまち、1番地,桑山千雪,はるかぜまち、1番地,,,,,,
有栖川夏葉?AKQJ10,有栖川夏葉,?AKQJ10,,,,,,
,,,,,,,,
園田智代子You're My Dream,園田智代子,You're My Dream,,,,,,
,,,,,,,,
,,,,,,,,
浅倉透10個、光,浅倉透,10個、光,,,,,,
樋口円香カラカラカラ,樋口円香,カラカラカラ,,,,,,
,,,,,,,,
福丸小糸ポシェットの中には,福丸小糸,ポシェットの中には,,,,,,
市川雛菜HAPPY-!NG,市川雛菜,HAPPY-!NG,,,,,,
,,,,,,,,
櫻木真乃ソラを跳ね,櫻木真乃,ソラを跳ね,,,,,,
,,,,,,,,
,,,,,,,,
,,,,,,,,
大崎甘奈叶えて☆ゴールドフィッシュ,大崎甘奈,叶えて☆ゴールドフィッシュ,,,,,,
,,,,,,,,
田中摩美々真・TRAVELER,田中摩美々,真・TRAVELER,,,,,,
西城樹里秋陽のスケッチ,西城樹里,秋陽のスケッチ,,,,,,
,,,,,,,,
白瀬咲耶乙女と交わすTrick,白瀬咲耶,乙女と交わすTrick,,,,,,
,,,,,,,,
,,,,,,,,
三峰結華雨に祝福,三峰結華,雨に祝福,,,,,,
芹沢あさひ不機嫌なテーマパーク,芹沢あさひ,不機嫌なテーマパーク,,,,,,
,,,,,,,,
,,,,,,,,
黛冬優子starring F,黛冬優子,starring F,,,,,,
,,,,,,,,
,,,,,,,,
風野灯織黒百合前で待ち合わせ,風野灯織,黒百合前で待ち合わせ,,,,,,
,,,,,,,,
大崎甜花BON・BON・DAY,大崎甜花,BON・BON・DAY,,,,,,
市川雛菜?LOG,市川雛菜,?LOG,,,,,,
,,,,,,,,
,,,,,,,,
杜野凛世ロー・ポジション,杜野凛世,ロー・ポジション,,,,,,
,,,,,,,,
西城樹里I・OWE・U,西城樹里,I・OWE・U,,,,,,
,,,,,,,,
,,,,,,,,
七草にちか?まっクろはムウサぎ?,七草にちか,?まっクろはムウサぎ?,,,,,,
緋田美琴ROUNDLY,緋田美琴,ROUNDLY,,,,,,
,,,,,,,,
和泉愛依今のうちは走らない,和泉愛依,今のうちは走らない,,,,,,
八宮めぐるたまゆらフレーミング,八宮めぐる,たまゆらフレーミング,,,,,,
,,,,,,,,
田中摩美々アバウト-ナイト-ライト,田中摩美々,アバウト-ナイト-ライト,,,,,,
三峰結華?コメディ,三峰結華,?コメディ,,,,,,
大崎甜花バス・タイムの気分で,大崎甜花,バス・タイムの気分で,,,,,,
